title,link,date
Three More JavaScript Mistakes That Beginners Make,/blog/three-more-js-mistakes-that-beginners-make,2019-03-07
Alumni Spotlight: Miranda Howitt,/blog/alumni-spotlight-miranda,2019-02-12
Alumni Spotlight: Kristen Lingwood,/blog/alumni-spotlight-kristen,2019-02-06
Alumni Spotlight: Tyler Ketron,/blog/alumni-spotlight-tyler,2019-01-30
Avoiding Burnout,/blog/avoiding-burnout,2019-01-09
Student Interview: Sarah + Zac on Company Projects,/blog/student-interview-sarah-zac,2018-12-18
A New Tuition Option: We Make Money Only When You Do,/blog/new-tuition-option,2018-12-11
MongoDB is Easy,/blog/mongodb-is-easy,2018-12-06
Meet The Instructor: Alissa Renz,/blog/meet-the-instructor-alissa-renz,2018-11-14
Error Handling in Express,/blog/error-handling-express,2018-11-05
